{"cameraMode":{"drawMode":0,"name":"Shaded","section":"Shading Mode"},"sceneLighting":true,"audioPlay":false,"sceneViewState":{"showFog":true,"showMaterialUpdate":false,"showSkybox":true,"showFlares":true,"showImageEffects":true,"showParticleSystems":true},"in2DMode":false,"pivot":{"x":-195.07275390625,"y":305.7568664550781,"z":-232.56272888183595},"rotation":{"x":0.34421077370643618,"y":0.4191983938217163,"z":-0.17563721537590028,"w":0.8215493559837341},"size":3.4208691120147707,"orthographic":false}