{"cameraMode":{"drawMode":0,"name":"Shaded","section":"Shading Mode"},"sceneLighting":false,"audioPlay":false,"sceneViewState":{"showFog":true,"showMaterialUpdate":false,"showSkybox":true,"showFlares":true,"showImageEffects":true,"showParticleSystems":true},"in2DMode":false,"pivot":{"x":12.210529327392579,"y":7.627125263214111,"z":-5.883632183074951},"rotation":{"x":-0.03897795453667641,"y":0.9595796465873718,"z":-0.17049500346183778,"w":-0.2204975187778473},"size":2.306445360183716,"orthographic":false}