{"cameraMode":{"drawMode":0,"name":"Shaded","section":"Shading Mode"},"sceneLighting":false,"audioPlay":false,"sceneViewState":{"showFog":true,"showMaterialUpdate":false,"showSkybox":true,"showFlares":true,"showImageEffects":true,"showParticleSystems":true},"in2DMode":false,"pivot":{"x":-0.035994380712509158,"y":0.1561392843723297,"z":-0.049351632595062259},"rotation":{"x":0.14877985417842866,"y":0.8443145155906677,"z":-0.30059006810188296,"w":0.4179033637046814},"size":2.107311248779297,"orthographic":false}