{"cameraMode":{"drawMode":0,"name":"Shaded","section":"Shading Mode"},"sceneLighting":false,"audioPlay":false,"sceneViewState":{"showFog":true,"showMaterialUpdate":false,"showSkybox":true,"showFlares":true,"showImageEffects":true,"showParticleSystems":true},"in2DMode":false,"pivot":{"x":44.354434967041019,"y":6.239748001098633,"z":253.8629913330078},"rotation":{"x":-0.17217521369457246,"y":0.3765365481376648,"z":-0.07144206017255783,"w":-0.9074535965919495},"size":1.5302354097366334,"orthographic":false}