{"cameraMode":{"drawMode":0,"name":"Shaded","section":"Shading Mode"},"sceneLighting":false,"audioPlay":false,"sceneViewState":{"showFog":true,"showMaterialUpdate":false,"showSkybox":true,"showFlares":true,"showImageEffects":true,"showParticleSystems":true},"in2DMode":false,"pivot":{"x":2.3578271865844728,"y":8.249125480651856,"z":4.977421760559082},"rotation":{"x":-0.05341900885105133,"y":0.9465569257736206,"z":-0.22794827818870545,"w":-0.22184695303440095},"size":22.0,"orthographic":false}