{"cameraMode":{"drawMode":0,"name":"Shaded","section":"Shading Mode"},"sceneLighting":false,"audioPlay":false,"sceneViewState":{"showFog":true,"showMaterialUpdate":false,"showSkybox":true,"showFlares":true,"showImageEffects":true,"showParticleSystems":true},"in2DMode":false,"pivot":{"x":-12.482431411743164,"y":11.73188591003418,"z":97.74227142333985},"rotation":{"x":-0.06753318011760712,"y":-0.16679035127162934,"z":0.011443081311881543,"w":-0.9836103916168213},"size":7.835528373718262,"orthographic":false}