{"cameraMode":{"drawMode":0,"name":"Shaded","section":"Shading Mode"},"sceneLighting":false,"audioPlay":false,"sceneViewState":{"showFog":true,"showMaterialUpdate":false,"showSkybox":true,"showFlares":true,"showImageEffects":true,"showParticleSystems":true},"in2DMode":false,"pivot":{"x":118.43689727783203,"y":64.0066146850586,"z":-61.880775451660159},"rotation":{"x":0.10754257440567017,"y":-0.392609179019928,"z":0.0462859608232975,"w":0.9122227430343628},"size":2.27236008644104,"orthographic":false}