{"cameraMode":{"drawMode":0,"name":"Shaded","section":"Shading Mode"},"sceneLighting":false,"audioPlay":false,"sceneViewState":{"showFog":true,"showMaterialUpdate":false,"showSkybox":true,"showFlares":true,"showImageEffects":true,"showParticleSystems":true},"in2DMode":false,"pivot":{"x":-16.959861755371095,"y":63.90345764160156,"z":-43.87859344482422},"rotation":{"x":-0.033658478409051898,"y":0.9016631245613098,"z":-0.07139357924461365,"w":-0.4251749813556671},"size":2.7374823093414308,"orthographic":false}