{"cameraMode":{"drawMode":0,"name":"Shaded","section":"Shading Mode"},"sceneLighting":false,"audioPlay":false,"sceneViewState":{"showFog":true,"showMaterialUpdate":false,"showSkybox":true,"showFlares":true,"showImageEffects":true,"showParticleSystems":true},"in2DMode":false,"pivot":{"x":47.89856719970703,"y":7.818075180053711,"z":252.92999267578126},"rotation":{"x":-0.17217521369457246,"y":0.3765365481376648,"z":-0.07144206017255783,"w":-0.9074535965919495},"size":1.5302354097366334,"orthographic":false}