{"cameraMode":{"drawMode":0,"name":"Shaded","section":"Shading Mode"},"sceneLighting":false,"audioPlay":false,"sceneViewState":{"showFog":true,"showMaterialUpdate":false,"showSkybox":true,"showFlares":true,"showImageEffects":true,"showParticleSystems":true},"in2DMode":false,"pivot":{"x":104.12574768066406,"y":64.97286987304688,"z":-69.52898406982422},"rotation":{"x":0.19506055116653443,"y":-0.3128625452518463,"z":0.06581857800483704,"w":0.9272197484970093},"size":5.550548553466797,"orthographic":false}