{"cameraMode":{"drawMode":0,"name":"Shaded","section":"Shading Mode"},"sceneLighting":false,"audioPlay":false,"sceneViewState":{"showFog":true,"showMaterialUpdate":false,"showSkybox":true,"showFlares":true,"showImageEffects":true,"showParticleSystems":true},"in2DMode":false,"pivot":{"x":4.54496431350708,"y":6.466007709503174,"z":-8.816153526306153},"rotation":{"x":0.21097172796726228,"y":-0.21204771101474763,"z":0.046940192580223086,"w":0.95305997133255},"size":0.8007653951644898,"orthographic":false}