{"cameraMode":{"drawMode":0,"name":"Shaded","section":"Shading Mode"},"sceneLighting":false,"audioPlay":false,"sceneViewState":{"showFog":true,"showMaterialUpdate":false,"showSkybox":true,"showFlares":true,"showImageEffects":true,"showParticleSystems":true},"in2DMode":false,"pivot":{"x":6.620469570159912,"y":-58.79874038696289,"z":-62.72947311401367},"rotation":{"x":0.2413703054189682,"y":-0.6349992752075195,"z":0.21881654858589173,"w":0.7004538178443909},"size":1.3616950511932374,"orthographic":false}