{"cameraMode":{"drawMode":0,"name":"Shaded","section":"Shading Mode"},"sceneLighting":false,"audioPlay":false,"sceneViewState":{"showFog":true,"showMaterialUpdate":false,"showSkybox":true,"showFlares":true,"showImageEffects":true,"showParticleSystems":true},"in2DMode":false,"pivot":{"x":-14.309510231018067,"y":-5.438810348510742,"z":-0.4120979309082031},"rotation":{"x":-0.13577771186828614,"y":0.417402982711792,"z":-0.06323304027318955,"w":-0.8962928056716919},"size":29.37898826599121,"orthographic":false}