{"cameraMode":{"drawMode":0,"name":"Shaded","section":"Shading Mode"},"sceneLighting":true,"audioPlay":false,"sceneViewState":{"showFog":true,"showMaterialUpdate":false,"showSkybox":true,"showFlares":true,"showImageEffects":true,"showParticleSystems":true},"in2DMode":false,"pivot":{"x":45.453857421875,"y":100.8082275390625,"z":-91.69021606445313},"rotation":{"x":-0.42968252301216128,"y":0.08141350001096726,"z":-0.038927409797906879,"w":-0.8984595537185669},"size":78.62135314941406,"orthographic":false}