{"cameraMode":{"drawMode":0,"name":"Shaded","section":"Shading Mode"},"sceneLighting":false,"audioPlay":false,"sceneViewState":{"showFog":true,"showMaterialUpdate":false,"showSkybox":true,"showFlares":true,"showImageEffects":true,"showParticleSystems":true},"in2DMode":false,"pivot":{"x":504.44830322265627,"y":397.15728759765627,"z":1252.18896484375},"rotation":{"x":-0.017973296344280244,"y":-0.008684673346579075,"z":-0.00015179823094513267,"w":0.9998007416725159},"size":2137.285888671875,"orthographic":false}