{"cameraMode":{"drawMode":0,"name":"Shaded","section":"Shading Mode"},"sceneLighting":false,"audioPlay":false,"sceneViewState":{"showFog":true,"showMaterialUpdate":false,"showSkybox":true,"showFlares":true,"showImageEffects":true,"showParticleSystems":true},"in2DMode":false,"pivot":{"x":47.651336669921878,"y":-62.41940689086914,"z":-103.6797866821289},"rotation":{"x":-0.010867061093449593,"y":0.9812422394752502,"z":-0.18348821997642518,"w":-0.05811900645494461},"size":8.267937660217286,"orthographic":false}