{"cameraMode":{"drawMode":0,"name":"Shaded","section":"Shading Mode"},"sceneLighting":false,"audioPlay":false,"sceneViewState":{"showFog":true,"showMaterialUpdate":false,"showSkybox":true,"showFlares":true,"showImageEffects":true,"showParticleSystems":true},"in2DMode":false,"pivot":{"x":-31.91049575805664,"y":7.7153520584106449,"z":-150.49464416503907},"rotation":{"x":-0.2985013425350189,"y":0.5406779050827026,"z":-0.2131778597831726,"w":-0.757046639919281},"size":69.8394775390625,"orthographic":false}