{"cameraMode":{"drawMode":0,"name":"Shaded","section":"Shading Mode"},"sceneLighting":false,"audioPlay":false,"sceneViewState":{"showFog":true,"showMaterialUpdate":false,"showSkybox":true,"showFlares":true,"showImageEffects":true,"showParticleSystems":true},"in2DMode":false,"pivot":{"x":889.1488037109375,"y":317.5,"z":-0.0000247955322265625},"rotation":{"x":0.03609268739819527,"y":0.4547414481639862,"z":-0.0184424240142107,"w":0.8897007703781128},"size":3115.647216796875,"orthographic":false}