{"cameraMode":{"drawMode":0,"name":"Shaded","section":"Shading Mode"},"sceneLighting":false,"audioPlay":false,"sceneViewState":{"showFog":true,"showMaterialUpdate":false,"showSkybox":true,"showFlares":true,"showImageEffects":true,"showParticleSystems":true},"in2DMode":false,"pivot":{"x":-14.696405410766602,"y":-60.6623420715332,"z":-46.453304290771487},"rotation":{"x":-0.00568006606772542,"y":0.9790700674057007,"z":0.027578501030802728,"w":0.2015664428472519},"size":5.086775779724121,"orthographic":false}