{"cameraMode":{"drawMode":0,"name":"Shaded","section":"Shading Mode"},"sceneLighting":false,"audioPlay":false,"sceneViewState":{"showFog":true,"showMaterialUpdate":false,"showSkybox":true,"showFlares":true,"showImageEffects":true,"showParticleSystems":true},"in2DMode":false,"pivot":{"x":488.46771240234377,"y":65.33517456054688,"z":414.34124755859377},"rotation":{"x":0.11304624378681183,"y":0.02218342199921608,"z":-0.00251895934343338,"w":0.9933388829231262},"size":908.6187133789063,"orthographic":false}