{"cameraMode":{"drawMode":0,"name":"Shaded","section":"Shading Mode"},"sceneLighting":false,"audioPlay":false,"sceneViewState":{"showFog":true,"showMaterialUpdate":false,"showSkybox":true,"showFlares":true,"showImageEffects":true,"showParticleSystems":true},"in2DMode":false,"pivot":{"x":-17.416688919067384,"y":63.6087760925293,"z":-42.95499038696289},"rotation":{"x":-0.033658478409051898,"y":0.9016631245613098,"z":-0.07139357924461365,"w":-0.4251749813556671},"size":1.804600477218628,"orthographic":false}