{"cameraMode":{"drawMode":0,"name":"Shaded","section":"Shading Mode"},"sceneLighting":false,"audioPlay":false,"sceneViewState":{"showFog":true,"showMaterialUpdate":false,"showSkybox":true,"showFlares":true,"showImageEffects":true,"showParticleSystems":true},"in2DMode":false,"pivot":{"x":563.594970703125,"y":148.64590454101563,"z":1181.9112548828125},"rotation":{"x":0.05996190384030342,"y":0.010478319600224495,"z":-0.0006298527587205172,"w":0.9981455206871033},"size":1938.558349609375,"orthographic":false}