{"cameraMode":{"drawMode":0,"name":"Shaded","section":"Shading Mode"},"sceneLighting":false,"audioPlay":false,"sceneViewState":{"showFog":true,"showMaterialUpdate":false,"showSkybox":true,"showFlares":true,"showImageEffects":true,"showParticleSystems":true},"in2DMode":false,"pivot":{"x":51.45199966430664,"y":-7.710000038146973,"z":-225.1300048828125},"rotation":{"x":-0.2579403817653656,"y":-0.4164896011352539,"z":0.12451020628213883,"w":-0.8628444075584412},"size":17.14730453491211,"orthographic":false}