{"cameraMode":{"drawMode":0,"name":"Shaded","section":"Shading Mode"},"sceneLighting":false,"audioPlay":false,"sceneViewState":{"showFog":true,"showMaterialUpdate":false,"showSkybox":true,"showFlares":true,"showImageEffects":true,"showParticleSystems":true},"in2DMode":false,"pivot":{"x":-24.898624420166017,"y":-3.592358350753784,"z":36.178611755371097},"rotation":{"x":0.23610328137874604,"y":-0.4905063211917877,"z":0.1400156319141388,"w":0.8270757794380188},"size":22.698789596557618,"orthographic":false}