{"cameraMode":{"drawMode":0,"name":"Shaded","section":"Shading Mode"},"sceneLighting":false,"audioPlay":false,"sceneViewState":{"showFog":true,"showMaterialUpdate":false,"showSkybox":true,"showFlares":true,"showImageEffects":true,"showParticleSystems":true},"in2DMode":false,"pivot":{"x":-59.01789855957031,"y":-46.2025032043457,"z":-1.14414644241333},"rotation":{"x":-0.14199359714984895,"y":0.7579495906829834,"z":-0.17588774859905244,"w":-0.6118935942649841},"size":203.23995971679688,"orthographic":false}