{"cameraMode":{"drawMode":0,"name":"Shaded","section":"Shading Mode"},"sceneLighting":false,"audioPlay":false,"sceneViewState":{"showFog":true,"showMaterialUpdate":false,"showSkybox":true,"showFlares":true,"showImageEffects":true,"showParticleSystems":true},"in2DMode":false,"pivot":{"x":-10.020000457763672,"y":-3.190000057220459,"z":-7.480000019073486},"rotation":{"x":-0.19849829375743867,"y":0.6382283568382263,"z":-0.175250843167305,"w":-0.7228763103485107},"size":25.14969253540039,"orthographic":false}