{"cameraMode":{"drawMode":0,"name":"Shaded","section":"Shading Mode"},"sceneLighting":false,"audioPlay":false,"sceneViewState":{"showFog":true,"showMaterialUpdate":false,"showSkybox":true,"showFlares":true,"showImageEffects":true,"showParticleSystems":true},"in2DMode":false,"pivot":{"x":105.78462982177735,"y":63.45555114746094,"z":-63.980140686035159},"rotation":{"x":-0.12551164627075196,"y":0.36768820881843569,"z":-0.05015011876821518,"w":-0.9200745820999146},"size":22.0,"orthographic":false}