{"cameraMode":{"drawMode":0,"name":"Shaded","section":"Shading Mode"},"sceneLighting":false,"audioPlay":false,"sceneViewState":{"showFog":true,"showMaterialUpdate":false,"showSkybox":true,"showFlares":true,"showImageEffects":true,"showParticleSystems":true},"in2DMode":false,"pivot":{"x":34.29280090332031,"y":8.4708833694458,"z":239.55642700195313},"rotation":{"x":-0.17217521369457246,"y":0.3765365481376648,"z":-0.07144206017255783,"w":-0.9074535965919495},"size":1.530253529548645,"orthographic":false}