{"cameraMode":{"drawMode":0,"name":"Shaded","section":"Shading Mode"},"sceneLighting":false,"audioPlay":false,"sceneViewState":{"showFog":true,"showMaterialUpdate":false,"showSkybox":true,"showFlares":true,"showImageEffects":true,"showParticleSystems":true},"in2DMode":false,"pivot":{"x":2.180000066757202,"y":60.65176773071289,"z":-132.65599060058595},"rotation":{"x":0.03391921520233154,"y":-0.9307416677474976,"z":0.08946716040372849,"w":0.35293784737586977},"size":3.8193418979644777,"orthographic":false}