{"cameraMode":{"drawMode":0,"name":"Shaded","section":"Shading Mode"},"sceneLighting":false,"audioPlay":false,"sceneViewState":{"showFog":true,"showMaterialUpdate":false,"showSkybox":true,"showFlares":true,"showImageEffects":true,"showParticleSystems":true},"in2DMode":false,"pivot":{"x":43.59028625488281,"y":7.921777725219727,"z":253.49801635742188},"rotation":{"x":0.15902802348136903,"y":0.8411429524421692,"z":-0.36230534315109255,"w":0.3686780631542206},"size":5.518199443817139,"orthographic":false}