{"cameraMode":{"drawMode":0,"name":"Shaded","section":"Shading Mode"},"sceneLighting":false,"audioPlay":false,"sceneViewState":{"showFog":true,"showMaterialUpdate":false,"showSkybox":true,"showFlares":true,"showImageEffects":true,"showParticleSystems":true},"in2DMode":false,"pivot":{"x":565.3276977539063,"y":329.9955749511719,"z":1359.0828857421875},"rotation":{"x":0.0044787172228097919,"y":-0.010535318404436112,"z":-0.00005041037002229132,"w":-0.9999344944953919},"size":2028.4039306640625,"orthographic":false}