{"cameraMode":{"drawMode":0,"name":"Shaded","section":"Shading Mode"},"sceneLighting":false,"audioPlay":false,"sceneViewState":{"showFog":true,"showMaterialUpdate":false,"showSkybox":true,"showFlares":true,"showImageEffects":true,"showParticleSystems":true},"in2DMode":false,"pivot":{"x":24.5,"y":-0.4000000059604645,"z":16.299997329711915},"rotation":{"x":-0.13911312818527223,"y":0.7621341347694397,"z":-0.17445097863674165,"w":-0.6077549457550049},"size":233.3452606201172,"orthographic":false}