{"cameraMode":{"drawMode":0,"name":"Shaded","section":"Shading Mode"},"sceneLighting":false,"audioPlay":false,"sceneViewState":{"showFog":true,"showMaterialUpdate":false,"showSkybox":true,"showFlares":true,"showImageEffects":true,"showParticleSystems":true},"in2DMode":false,"pivot":{"x":42.30024337768555,"y":-62.445987701416019,"z":-107.544677734375},"rotation":{"x":-0.0536031648516655,"y":-0.9447289109230042,"z":0.2557240128517151,"w":-0.19803836941719056},"size":6.126233100891113,"orthographic":false}