{"cameraMode":{"drawMode":0,"name":"Shaded","section":"Shading Mode"},"sceneLighting":true,"audioPlay":false,"sceneViewState":{"showFog":true,"showMaterialUpdate":false,"showSkybox":true,"showFlares":true,"showImageEffects":true,"showParticleSystems":true},"in2DMode":false,"pivot":{"x":26.557973861694337,"y":67.95368194580078,"z":-160.74525451660157},"rotation":{"x":-0.18351955711841584,"y":0.3012722134590149,"z":-0.05920271575450897,"w":-0.9338365197181702},"size":6.089907169342041,"orthographic":false}