{"cameraMode":{"drawMode":0,"name":"Shaded","section":"Shading Mode"},"sceneLighting":false,"audioPlay":false,"sceneViewState":{"showFog":true,"showMaterialUpdate":false,"showSkybox":true,"showFlares":true,"showImageEffects":true,"showParticleSystems":true},"in2DMode":false,"pivot":{"x":-2.383460521697998,"y":-2.950000047683716,"z":-0.08283396065235138},"rotation":{"x":-0.18356294929981233,"y":0.1330704540014267,"z":-0.025089357048273088,"w":-0.9736361503601074},"size":6.160801887512207,"orthographic":false}