{"cameraMode":{"drawMode":0,"name":"Shaded","section":"Shading Mode"},"sceneLighting":false,"audioPlay":false,"sceneViewState":{"showFog":true,"showMaterialUpdate":false,"showSkybox":true,"showFlares":true,"showImageEffects":true,"showParticleSystems":true},"in2DMode":false,"pivot":{"x":30.85099983215332,"y":58.20000076293945,"z":-115.3499984741211},"rotation":{"x":0.0689452514052391,"y":0.004486799240112305,"z":-0.0003105091745965183,"w":0.997610330581665},"size":1.6982121467590333,"orthographic":false}