{"cameraMode":{"drawMode":0,"name":"Shaded","section":"Shading Mode"},"sceneLighting":false,"audioPlay":false,"sceneViewState":{"showFog":true,"showMaterialUpdate":false,"showSkybox":true,"showFlares":true,"showImageEffects":true,"showParticleSystems":true},"in2DMode":false,"pivot":{"x":2.5768489837646486,"y":59.538726806640628,"z":-137.8412322998047},"rotation":{"x":-0.007097471039742231,"y":0.9806972146034241,"z":-0.19200456142425538,"w":-0.03628937900066376},"size":2.376425266265869,"orthographic":false}