{"cameraMode":{"drawMode":0,"name":"Shaded","section":"Shading Mode"},"sceneLighting":true,"audioPlay":false,"sceneViewState":{"showFog":true,"showMaterialUpdate":false,"showSkybox":true,"showFlares":true,"showImageEffects":true,"showParticleSystems":true},"in2DMode":false,"pivot":{"x":88.42164611816406,"y":184.22390747070313,"z":-470.73223876953127},"rotation":{"x":-0.22994141280651093,"y":0.2681948244571686,"z":-0.06609626859426499,"w":-0.9331825971603394},"size":54.94968032836914,"orthographic":false}