{"cameraMode":{"drawMode":0,"name":"Shaded","section":"Shading Mode"},"sceneLighting":false,"audioPlay":false,"sceneViewState":{"showFog":true,"showMaterialUpdate":false,"showSkybox":true,"showFlares":true,"showImageEffects":true,"showParticleSystems":true},"in2DMode":false,"pivot":{"x":0.22877153754234315,"y":0.06810493767261505,"z":-0.12849009037017823},"rotation":{"x":0.14877985417842866,"y":0.8443145155906677,"z":-0.30059006810188296,"w":0.4179033637046814},"size":4.053030490875244,"orthographic":false}