{"cameraMode":{"drawMode":0,"name":"Shaded","section":"Shading Mode"},"sceneLighting":false,"audioPlay":false,"sceneViewState":{"showFog":true,"showMaterialUpdate":false,"showSkybox":true,"showFlares":true,"showImageEffects":true,"showParticleSystems":true},"in2DMode":false,"pivot":{"x":33.09654998779297,"y":7.725901126861572,"z":246.27621459960938},"rotation":{"x":0.15241463482379914,"y":-0.6815020442008972,"z":0.148347869515419,"w":0.7002268433570862},"size":1.739951729774475,"orthographic":false}