{"cameraMode":{"drawMode":0,"name":"Shaded","section":"Shading Mode"},"sceneLighting":false,"audioPlay":false,"sceneViewState":{"showFog":true,"showMaterialUpdate":false,"showSkybox":true,"showFlares":true,"showImageEffects":true,"showParticleSystems":true},"in2DMode":false,"pivot":{"x":70.16461181640625,"y":64.53462219238281,"z":41.864662170410159},"rotation":{"x":-0.18394449353218079,"y":-0.07508043944835663,"z":0.014084807597100735,"w":-0.9799637794494629},"size":6.500520706176758,"orthographic":false}