{"cameraMode":{"drawMode":0,"name":"Shaded","section":"Shading Mode"},"sceneLighting":false,"audioPlay":false,"sceneViewState":{"showFog":true,"showMaterialUpdate":false,"showSkybox":true,"showFlares":true,"showImageEffects":true,"showParticleSystems":true},"in2DMode":false,"pivot":{"x":37.786373138427737,"y":63.50715255737305,"z":-121.64370727539063},"rotation":{"x":-0.11747954040765763,"y":-0.8405044674873352,"z":0.20200228691101075,"w":-0.48882099986076357},"size":5.56852912902832,"orthographic":false}