{"cameraMode":{"drawMode":0,"name":"Shaded","section":"Shading Mode"},"sceneLighting":false,"audioPlay":false,"sceneViewState":{"showFog":true,"showMaterialUpdate":false,"showSkybox":true,"showFlares":true,"showImageEffects":true,"showParticleSystems":true},"in2DMode":false,"pivot":{"x":48.811058044433597,"y":67.53643798828125,"z":-92.9998550415039},"rotation":{"x":-0.004639006685465574,"y":0.9358121156692505,"z":-0.35225316882133486,"w":-0.012324655428528786},"size":2.741770029067993,"orthographic":false}