{"cameraMode":{"drawMode":0,"name":"Shaded","section":"Shading Mode"},"sceneLighting":false,"audioPlay":false,"sceneViewState":{"showFog":true,"showMaterialUpdate":false,"showSkybox":true,"showFlares":true,"showImageEffects":true,"showParticleSystems":true},"in2DMode":false,"pivot":{"x":8.202200889587403,"y":57.801300048828128,"z":-135.1280059814453},"rotation":{"x":0.15241463482379914,"y":-0.6815020442008972,"z":0.148347869515419,"w":0.7002268433570862},"size":1.1510200500488282,"orthographic":false}