{"cameraMode":{"drawMode":0,"name":"Shaded","section":"Shading Mode"},"sceneLighting":false,"audioPlay":false,"sceneViewState":{"showFog":true,"showMaterialUpdate":false,"showSkybox":true,"showFlares":true,"showImageEffects":true,"showParticleSystems":true},"in2DMode":false,"pivot":{"x":103.20162963867188,"y":67.26100158691406,"z":-48.31590270996094},"rotation":{"x":-0.2985013425350189,"y":0.5406779050827026,"z":-0.2131778597831726,"w":-0.757046639919281},"size":15.216565132141114,"orthographic":false}