{"cameraMode":{"drawMode":0,"name":"Shaded","section":"Shading Mode"},"sceneLighting":false,"audioPlay":false,"sceneViewState":{"showFog":true,"showMaterialUpdate":false,"showSkybox":true,"showFlares":true,"showImageEffects":true,"showParticleSystems":true},"in2DMode":false,"pivot":{"x":-19.32062339782715,"y":63.860496520996097,"z":-41.726531982421878},"rotation":{"x":-0.033658478409051898,"y":0.9016631245613098,"z":-0.07139357924461365,"w":-0.4251749813556671},"size":2.2851855754852297,"orthographic":false}