{"cameraMode":{"drawMode":0,"name":"Shaded","section":"Shading Mode"},"sceneLighting":false,"audioPlay":false,"sceneViewState":{"showFog":true,"showMaterialUpdate":false,"showSkybox":true,"showFlares":true,"showImageEffects":true,"showParticleSystems":true},"in2DMode":false,"pivot":{"x":-7.840000152587891,"y":-5.079982757568359,"z":-10.560001373291016},"rotation":{"x":0.19534064829349519,"y":-0.6754859685897827,"z":0.1927957981824875,"w":0.684390664100647},"size":233.34524536132813,"orthographic":false}