{"cameraMode":{"drawMode":0,"name":"Shaded","section":"Shading Mode"},"sceneLighting":false,"audioPlay":false,"sceneViewState":{"showFog":true,"showMaterialUpdate":false,"showSkybox":true,"showFlares":true,"showImageEffects":true,"showParticleSystems":true},"in2DMode":false,"pivot":{"x":-78.1468505859375,"y":159.295654296875,"z":100.0},"rotation":{"x":0.0449637807905674,"y":-0.0015339411329478026,"z":-0.00007226783782243729,"w":-0.9989874362945557},"size":85.40223693847656,"orthographic":false}