{"cameraMode":{"drawMode":0,"name":"Shaded","section":"Shading Mode"},"sceneLighting":false,"audioPlay":false,"sceneViewState":{"showFog":true,"showMaterialUpdate":false,"showSkybox":true,"showFlares":true,"showImageEffects":true,"showParticleSystems":true},"in2DMode":false,"pivot":{"x":34.77974319458008,"y":9.263919830322266,"z":239.37242126464845},"rotation":{"x":0.006176899187266827,"y":0.9753251671791077,"z":-0.2189655750989914,"w":0.02750895917415619},"size":1.9663550853729249,"orthographic":false}