{"cameraMode":{"drawMode":0,"name":"Shaded","section":"Shading Mode"},"sceneLighting":false,"audioPlay":false,"sceneViewState":{"showFog":true,"showMaterialUpdate":false,"showSkybox":true,"showFlares":true,"showImageEffects":true,"showParticleSystems":true},"in2DMode":false,"pivot":{"x":-69.6841049194336,"y":6.923031806945801,"z":-118.33137512207031},"rotation":{"x":-0.2985013425350189,"y":0.5406779050827026,"z":-0.2131778597831726,"w":-0.757046639919281},"size":45.98994064331055,"orthographic":false}