{"cameraMode":{"drawMode":0,"name":"Shaded","section":"Shading Mode"},"sceneLighting":false,"audioPlay":false,"sceneViewState":{"showFog":true,"showMaterialUpdate":false,"showSkybox":true,"showFlares":true,"showImageEffects":true,"showParticleSystems":true},"in2DMode":false,"pivot":{"x":12.015079498291016,"y":6.667421340942383,"z":-6.959663391113281},"rotation":{"x":0.15902802348136903,"y":0.8411429524421692,"z":-0.36230534315109255,"w":0.3686780631542206},"size":2.306445360183716,"orthographic":false}