{"cameraMode":{"drawMode":0,"name":"Shaded","section":"Shading Mode"},"sceneLighting":true,"audioPlay":false,"sceneViewState":{"showFog":true,"showMaterialUpdate":false,"showSkybox":true,"showFlares":true,"showImageEffects":true,"showParticleSystems":true},"in2DMode":false,"pivot":{"x":24.781368255615236,"y":67.67814636230469,"z":-166.70574951171876},"rotation":{"x":-0.1519320011138916,"y":0.4809722602367401,"z":-0.08503906428813935,"w":-0.859273374080658},"size":11.16047191619873,"orthographic":false}