{"cameraMode":{"drawMode":0,"name":"Shaded","section":"Shading Mode"},"sceneLighting":false,"audioPlay":false,"sceneViewState":{"showFog":true,"showMaterialUpdate":false,"showSkybox":true,"showFlares":true,"showImageEffects":true,"showParticleSystems":true},"in2DMode":false,"pivot":{"x":-9.258943557739258,"y":67.06420135498047,"z":-135.605224609375},"rotation":{"x":0.03391921520233154,"y":-0.9307416677474976,"z":0.08946716040372849,"w":0.35293784737586977},"size":1.9536105394363404,"orthographic":false}