{"cameraMode":{"drawMode":0,"name":"Shaded","section":"Shading Mode"},"sceneLighting":false,"audioPlay":false,"sceneViewState":{"showFog":true,"showMaterialUpdate":false,"showSkybox":true,"showFlares":true,"showImageEffects":true,"showParticleSystems":true},"in2DMode":false,"pivot":{"x":587.9342651367188,"y":168.6100311279297,"z":1368.0693359375},"rotation":{"x":-0.048792678862810138,"y":0.011565301567316056,"z":-0.0005705626681447029,"w":-0.9987418055534363},"size":2120.298095703125,"orthographic":false}