{"cameraMode":{"drawMode":0,"name":"Shaded","section":"Shading Mode"},"sceneLighting":false,"audioPlay":false,"sceneViewState":{"showFog":true,"showMaterialUpdate":false,"showSkybox":true,"showFlares":true,"showImageEffects":true,"showParticleSystems":true},"in2DMode":false,"pivot":{"x":-20.07801055908203,"y":63.6087760925293,"z":-43.676204681396487},"rotation":{"x":-0.033658478409051898,"y":0.9016631245613098,"z":-0.07139357924461365,"w":-0.4251749813556671},"size":1.7534024715423585,"orthographic":false}