{"cameraMode":{"drawMode":0,"name":"Shaded","section":"Shading Mode"},"sceneLighting":false,"audioPlay":false,"sceneViewState":{"showFog":true,"showMaterialUpdate":false,"showSkybox":true,"showFlares":true,"showImageEffects":true,"showParticleSystems":true},"in2DMode":false,"pivot":{"x":29.817781448364259,"y":8.855169296264649,"z":239.9263153076172},"rotation":{"x":0.15241463482379914,"y":-0.6815020442008972,"z":0.148347869515419,"w":0.7002268433570862},"size":2.8716368675231935,"orthographic":false}