{"cameraMode":{"drawMode":0,"name":"Shaded","section":"Shading Mode"},"sceneLighting":true,"audioPlay":false,"sceneViewState":{"showFog":true,"showMaterialUpdate":false,"showSkybox":true,"showFlares":true,"showImageEffects":true,"showParticleSystems":true},"in2DMode":false,"pivot":{"x":-217.92184448242188,"y":91.28048706054688,"z":-150.41355895996095},"rotation":{"x":-0.08343520760536194,"y":-0.5656366348266602,"z":0.057669978588819507,"w":-0.8183935880661011},"size":13.385704040527344,"orthographic":false}