{"cameraMode":{"drawMode":0,"name":"Shaded","section":"Shading Mode"},"sceneLighting":false,"audioPlay":false,"sceneViewState":{"showFog":true,"showMaterialUpdate":false,"showSkybox":true,"showFlares":true,"showImageEffects":true,"showParticleSystems":true},"in2DMode":false,"pivot":{"x":89.74324035644531,"y":590.9210205078125,"z":-71.1290512084961},"rotation":{"x":-0.07704866677522659,"y":0.36253106594085696,"z":-0.030089890584349633,"w":-0.928293764591217},"size":83.3573226928711,"orthographic":false}