{"cameraMode":{"drawMode":0,"name":"Shaded","section":"Shading Mode"},"sceneLighting":false,"audioPlay":false,"sceneViewState":{"showFog":true,"showMaterialUpdate":false,"showSkybox":true,"showFlares":true,"showImageEffects":true,"showParticleSystems":true},"in2DMode":false,"pivot":{"x":48.46995162963867,"y":8.703410148620606,"z":253.24806213378907},"rotation":{"x":0.15241463482379914,"y":-0.6815020442008972,"z":0.148347869515419,"w":0.7002268433570862},"size":2.0390257835388185,"orthographic":false}