{"cameraMode":{"drawMode":0,"name":"Shaded","section":"Shading Mode"},"sceneLighting":false,"audioPlay":false,"sceneViewState":{"showFog":true,"showMaterialUpdate":false,"showSkybox":true,"showFlares":true,"showImageEffects":true,"showParticleSystems":true},"in2DMode":false,"pivot":{"x":0.8584544658660889,"y":-0.30041754245758059,"z":-0.581474781036377},"rotation":{"x":0.09173087775707245,"y":0.677179753780365,"z":-0.08566638082265854,"w":0.7250340580940247},"size":5.421226501464844,"orthographic":false}