{"cameraMode":{"drawMode":0,"name":"Shaded","section":"Shading Mode"},"sceneLighting":false,"audioPlay":false,"sceneViewState":{"showFog":true,"showMaterialUpdate":false,"showSkybox":true,"showFlares":true,"showImageEffects":true,"showParticleSystems":true},"in2DMode":false,"pivot":{"x":1.2211405038833619,"y":-0.00009918212890625,"z":-9.62968371709394e-8},"rotation":{"x":0.11093191802501679,"y":0.8581798076629639,"z":-0.20895859599113465,"w":0.4555853009223938},"size":0.8261041641235352,"orthographic":false}