{"cameraMode":{"drawMode":0,"name":"Shaded","section":"Shading Mode"},"sceneLighting":true,"audioPlay":false,"sceneViewState":{"showFog":true,"showMaterialUpdate":false,"showSkybox":true,"showFlares":true,"showImageEffects":true,"showParticleSystems":true},"in2DMode":false,"pivot":{"x":-641.355224609375,"y":-269.2757568359375,"z":867.2108154296875},"rotation":{"x":0.1932990401983261,"y":-0.3069435656070709,"z":0.06381435692310333,"w":0.9297036528587341},"size":2173.5078125,"orthographic":false}