{"cameraMode":{"drawMode":0,"name":"Shaded","section":"Shading Mode"},"sceneLighting":true,"audioPlay":false,"sceneViewState":{"showFog":true,"showMaterialUpdate":false,"showSkybox":true,"showFlares":true,"showImageEffects":true,"showParticleSystems":true},"in2DMode":false,"pivot":{"x":142.29678344726563,"y":210.526123046875,"z":-119.76033020019531},"rotation":{"x":-0.28349223732948305,"y":0.6396469473838806,"z":-0.27499479055404665,"w":-0.6594405174255371},"size":13.03852653503418,"orthographic":false}