{"cameraMode":{"drawMode":0,"name":"Shaded","section":"Shading Mode"},"sceneLighting":true,"audioPlay":false,"sceneViewState":{"showFog":true,"showMaterialUpdate":false,"showSkybox":true,"showFlares":true,"showImageEffects":true,"showParticleSystems":true},"in2DMode":false,"pivot":{"x":-68.67024993896485,"y":26.441749572753908,"z":-163.1422119140625},"rotation":{"x":-0.1473795473575592,"y":0.7531493306159973,"z":-0.18044513463974,"w":-0.6152113080024719},"size":95.7519302368164,"orthographic":false}