{"cameraMode":{"drawMode":0,"name":"Shaded","section":"Shading Mode"},"sceneLighting":false,"audioPlay":false,"sceneViewState":{"showFog":true,"showMaterialUpdate":false,"showSkybox":true,"showFlares":true,"showImageEffects":true,"showParticleSystems":true},"in2DMode":false,"pivot":{"x":43.565425872802737,"y":6.427445411682129,"z":248.09805297851563},"rotation":{"x":0.006176899187266827,"y":0.9753251671791077,"z":-0.2189655750989914,"w":0.02750895917415619},"size":3.0485594272613527,"orthographic":false}