{"cameraMode":{"drawMode":0,"name":"Shaded","section":"Shading Mode"},"sceneLighting":true,"audioPlay":false,"sceneViewState":{"showFog":true,"showMaterialUpdate":false,"showSkybox":true,"showFlares":true,"showImageEffects":true,"showParticleSystems":true},"in2DMode":false,"pivot":{"x":21.04776954650879,"y":57.92988586425781,"z":-115.92120361328125},"rotation":{"x":-0.17738473415374757,"y":-0.7605400681495667,"z":0.23276245594024659,"w":-0.579599142074585},"size":9.087637901306153,"orthographic":false}