{"cameraMode":{"drawMode":0,"name":"Shaded","section":"Shading Mode"},"sceneLighting":false,"audioPlay":false,"sceneViewState":{"showFog":true,"showMaterialUpdate":false,"showSkybox":true,"showFlares":true,"showImageEffects":true,"showParticleSystems":true},"in2DMode":false,"pivot":{"x":29.53281593322754,"y":6.536457061767578,"z":243.14915466308595},"rotation":{"x":0.15241463482379914,"y":-0.6815020442008972,"z":0.148347869515419,"w":0.7002268433570862},"size":2.171443462371826,"orthographic":false}