{"cameraMode":{"drawMode":0,"name":"Shaded","section":"Shading Mode"},"sceneLighting":false,"audioPlay":false,"sceneViewState":{"showFog":true,"showMaterialUpdate":false,"showSkybox":true,"showFlares":true,"showImageEffects":true,"showParticleSystems":true},"in2DMode":false,"pivot":{"x":49.91888427734375,"y":72.99857330322266,"z":-35.44335174560547},"rotation":{"x":-0.27431052923202517,"y":-0.37367191910743716,"z":0.11670470237731934,"w":-0.8783524632453919},"size":50.32278823852539,"orthographic":false}