{"cameraMode":{"drawMode":0,"name":"Shaded","section":"Shading Mode"},"sceneLighting":false,"audioPlay":false,"sceneViewState":{"showFog":true,"showMaterialUpdate":false,"showSkybox":true,"showFlares":true,"showImageEffects":true,"showParticleSystems":true},"in2DMode":false,"pivot":{"x":2.024040460586548,"y":-1.139346957206726,"z":1.3444340229034424},"rotation":{"x":0.21994337439537049,"y":-0.23034413158893586,"z":0.0535324290394783,"w":0.9464147090911865},"size":4.311463356018066,"orthographic":false}