{"cameraMode":{"drawMode":0,"name":"Shaded","section":"Shading Mode"},"sceneLighting":false,"audioPlay":false,"sceneViewState":{"showFog":true,"showMaterialUpdate":false,"showSkybox":true,"showFlares":true,"showImageEffects":true,"showParticleSystems":true},"in2DMode":false,"pivot":{"x":0.0,"y":1.349103331565857,"z":-0.09513974189758301},"rotation":{"x":0.06920924037694931,"y":-0.8963789939880371,"z":0.1509382426738739,"w":0.4110139310359955},"size":7.481489658355713,"orthographic":false}