{"cameraMode":{"drawMode":0,"name":"Shaded","section":"Shading Mode"},"sceneLighting":false,"audioPlay":false,"sceneViewState":{"showFog":true,"showMaterialUpdate":false,"showSkybox":true,"showFlares":true,"showImageEffects":true,"showParticleSystems":true},"in2DMode":false,"pivot":{"x":66.05960083007813,"y":77.27244567871094,"z":-35.44155502319336},"rotation":{"x":-0.27431052923202517,"y":-0.37367191910743716,"z":0.11670470237731934,"w":-0.8783524632453919},"size":57.01776123046875,"orthographic":false}