{"cameraMode":{"drawMode":0,"name":"Shaded","section":"Shading Mode"},"sceneLighting":false,"audioPlay":false,"sceneViewState":{"showFog":true,"showMaterialUpdate":false,"showSkybox":true,"showFlares":true,"showImageEffects":true,"showParticleSystems":true},"in2DMode":false,"pivot":{"x":-2.4360928535461427,"y":-2.208312511444092,"z":-14.695661544799805},"rotation":{"x":-0.02244655229151249,"y":0.9775453805923462,"z":-0.14758515357971192,"w":-0.14872775971889497},"size":6.155142307281494,"orthographic":false}