{"cameraMode":{"drawMode":0,"name":"Shaded","section":"Shading Mode"},"sceneLighting":false,"audioPlay":false,"sceneViewState":{"showFog":true,"showMaterialUpdate":false,"showSkybox":true,"showFlares":true,"showImageEffects":true,"showParticleSystems":true},"in2DMode":false,"pivot":{"x":69.34969329833985,"y":518.718994140625,"z":-28.233396530151368},"rotation":{"x":-0.24068553745746613,"y":0.04251517727971077,"z":-0.010553190484642983,"w":-0.9696141481399536},"size":83.3573226928711,"orthographic":false}