{"cameraMode":{"drawMode":0,"name":"Shaded","section":"Shading Mode"},"sceneLighting":false,"audioPlay":false,"sceneViewState":{"showFog":true,"showMaterialUpdate":false,"showSkybox":true,"showFlares":true,"showImageEffects":true,"showParticleSystems":true},"in2DMode":false,"pivot":{"x":674.0526733398438,"y":-302.47369384765627,"z":2443.06982421875},"rotation":{"x":0.12861916422843934,"y":0.019336536526679994,"z":-0.002508467063307762,"w":0.9915024042129517},"size":3121.797607421875,"orthographic":false}