{"cameraMode":{"drawMode":0,"name":"Shaded","section":"Shading Mode"},"sceneLighting":true,"audioPlay":false,"sceneViewState":{"showFog":true,"showMaterialUpdate":false,"showSkybox":true,"showFlares":true,"showImageEffects":true,"showParticleSystems":true},"in2DMode":false,"pivot":{"x":-28.519569396972658,"y":59.215511322021487,"z":-46.782562255859378},"rotation":{"x":-0.06319823116064072,"y":-0.47652101516723635,"z":0.03437080234289169,"w":-0.8762148022651672},"size":9.306540489196778,"orthographic":false}