{"cameraMode":{"drawMode":0,"name":"Shaded","section":"Shading Mode"},"sceneLighting":false,"audioPlay":false,"sceneViewState":{"showFog":true,"showMaterialUpdate":false,"showSkybox":true,"showFlares":true,"showImageEffects":true,"showParticleSystems":true},"in2DMode":false,"pivot":{"x":15.957040786743164,"y":5.962808132171631,"z":-16.141141891479493},"rotation":{"x":-0.040977269411087039,"y":0.9086199998855591,"z":-0.4053322970867157,"w":-0.09185030311346054},"size":3.8922367095947267,"orthographic":false}