{"cameraMode":{"drawMode":0,"name":"Shaded","section":"Shading Mode"},"sceneLighting":false,"audioPlay":false,"sceneViewState":{"showFog":true,"showMaterialUpdate":false,"showSkybox":true,"showFlares":true,"showImageEffects":true,"showParticleSystems":true},"in2DMode":false,"pivot":{"x":-78.38169860839844,"y":6.430689811706543,"z":-69.82070922851563},"rotation":{"x":-0.2985013425350189,"y":0.5406779050827026,"z":-0.2131778597831726,"w":-0.757046639919281},"size":39.26210021972656,"orthographic":false}