{"cameraMode":{"drawMode":0,"name":"Shaded","section":"Shading Mode"},"sceneLighting":true,"audioPlay":false,"sceneViewState":{"showFog":true,"showMaterialUpdate":false,"showSkybox":true,"showFlares":true,"showImageEffects":true,"showParticleSystems":true},"in2DMode":false,"pivot":{"x":66.03284454345703,"y":129.25753784179688,"z":-156.02574157714845},"rotation":{"x":-0.28492772579193118,"y":0.6106103658676148,"z":-0.2502449154853821,"w":-0.6952328085899353},"size":172.2298126220703,"orthographic":false}