{"cameraMode":{"drawMode":0,"name":"Shaded","section":"Shading Mode"},"sceneLighting":false,"audioPlay":false,"sceneViewState":{"showFog":true,"showMaterialUpdate":false,"showSkybox":true,"showFlares":true,"showImageEffects":true,"showParticleSystems":true},"in2DMode":false,"pivot":{"x":-60.36000061035156,"y":-3.5799999237060549,"z":-2.5099997520446779},"rotation":{"x":0.11965983361005783,"y":0.6825374364852905,"z":-0.11474129557609558,"w":0.7117996215820313},"size":16.56485366821289,"orthographic":false}