{"cameraMode":{"drawMode":0,"name":"Shaded","section":"Shading Mode"},"sceneLighting":false,"audioPlay":false,"sceneViewState":{"showFog":true,"showMaterialUpdate":false,"showSkybox":true,"showFlares":true,"showImageEffects":true,"showParticleSystems":true},"in2DMode":false,"pivot":{"x":-1.0894808769226075,"y":2.3909237384796144,"z":0.13328176736831666},"rotation":{"x":0.09663186222314835,"y":0.9007347822189331,"z":-0.26098448038101199,"w":0.3335060477256775},"size":4.035288333892822,"orthographic":false}