{"cameraMode":{"drawMode":0,"name":"Shaded","section":"Shading Mode"},"sceneLighting":false,"audioPlay":false,"sceneViewState":{"showFog":true,"showMaterialUpdate":false,"showSkybox":true,"showFlares":true,"showImageEffects":true,"showParticleSystems":true},"in2DMode":false,"pivot":{"x":24.99991798400879,"y":0.8432497978210449,"z":24.98760986328125},"rotation":{"x":0.24638918042182923,"y":-0.43985646963119509,"z":0.1268683224916458,"w":0.8542383313179016},"size":4.670254707336426,"orthographic":false}