{"cameraMode":{"drawMode":0,"name":"Shaded","section":"Shading Mode"},"sceneLighting":false,"audioPlay":false,"sceneViewState":{"showFog":true,"showMaterialUpdate":false,"showSkybox":true,"showFlares":true,"showImageEffects":true,"showParticleSystems":true},"in2DMode":false,"pivot":{"x":33.79468536376953,"y":70.75226593017578,"z":-35.44455337524414},"rotation":{"x":-0.27431052923202517,"y":-0.37367191910743716,"z":0.11670470237731934,"w":-0.8783524632453919},"size":40.92799377441406,"orthographic":false}