{"cameraMode":{"drawMode":0,"name":"Shaded","section":"Shading Mode"},"sceneLighting":false,"audioPlay":false,"sceneViewState":{"showFog":true,"showMaterialUpdate":false,"showSkybox":true,"showFlares":true,"showImageEffects":true,"showParticleSystems":true},"in2DMode":false,"pivot":{"x":-20.903322219848634,"y":-62.342891693115237,"z":-58.47368240356445},"rotation":{"x":-0.10286202281713486,"y":0.8808721303939819,"z":-0.22430284321308137,"w":-0.40394559502601626},"size":4.819247245788574,"orthographic":false}